Name,TraderID,WeeklyTrades,ProfitRate,WinRate,RR,AvgWin,AvgLoss,Hold,MarketCount,Score
MartyMcFox,0x397e4f7fae63e68fd7be7f318793f3fc4de43d84,162,0.7083,82.3,0.5443,107.37,-197.26,0.12,2000,0.6711
1l2ihj34li12u34,0xb52e8b3afd9f0f0d502a5a76494b42816d67285c,44,0.1689,98.5,58537.8421,11122.19,-0.19,0.20,67,0.6335
JohnnyWins,0xda3407bec4c1f26d40afceb442de75b8260b01a8,351,0.1533,100.0,58537.8421,2355.31,0.0,1.59,128,0.6056
Bagwell306,0x9c76cdb43fb46454da005fbc82047a64a18ec926,46,0.2429,94.0,1.2326,936.05,-759.44,0.68,2000,0.5628
spyGoodLuck77,0xa20924e5daa77c491b0700f045eff43a61f7ffbe,156,0.27,89.8,0.5425,250.92,-462.53,0.09,2000,0.5598
beet420,0xd81e5bc01e4a98d0af93d82dc2c542a4c0f9e3d0,35,0.4723,95.5,3.518,6626.06,-1883.47,1.12,512,0.5361
Stonktrader,0x73e35ce0b7e36ef3ce29ebd12b30b28007383239,27,0.4735,95.4,7.0466,3569.47,-506.55,1.08,444,0.5316
GamblingAddict12345,0xeaac36f714563e13d88db7a4f0a0898388f2d71d,453,0.1471,92.8,4.7427,167.37,-35.29,0.51,2000,0.5219
jizzbucket57,0xc49fe658479db29e1a2fefebf0735f657dca9e05,237,0.2234,94.9,1.1115,3491.86,-3141.52,~0.53,1406,0.5215
Notradecopy,0x5213eb85fcd465c8927a8382f95dd2dc22306a35,473,0.1187,92.4,5.2583,157.38,-29.93,0.52,2000,0.508
Bloodygoodrep1,0xe885f33c65fc6c244a297e9df9361b35975995b7,302,0.3909,96.7,1.5407,22709.1,-14739.88,0.51,30,0.4936
forecastication4,0x885ffdf360e5b0b6e6acb963fb3f8ba2344c8ed9,852,0.1088,91.0,1.5555,261.56,-168.15,0.69,2000,0.4899
0x6982049c65e98606f65A0CE71fDb9b61296dA165-1777135114945,0x6982049c65e98606f65a0ce71fdb9b61296da165,58,0.0614,97.4,0.6884,980.54,-1424.4,0.06,1306,0.483
ic4cream,0x27f738fe203827445690339104aae35b20bc44b0,623,0.1046,89.0,0.9325,2685.1,-2879.59,~0.76,2000,0.4734
0x9f15613ebf1f36d4bc679e1211d1fc567cf9bdb3,0x9f15613ebf1f36d4bc679e1211d1fc567cf9bdb3,566,0.0616,90.0,3.6573,1115.76,-305.08,0.47,2000,0.4711
0x9506e646497107cabf2d5b941a8e6a60d0db1c4f,0x9506e646497107cabf2d5b941a8e6a60d0db1c4f,740,0.0482,98.5,0.8383,152.44,-181.84,1.00,1434,0.47
Sisyphus-,0xf3ce7f04dde4f8c5aed19a20e5ecd8520e5ca57a,141,0.0724,96.1,3.6412,2086.8,-573.1,0.14,1054,0.4566
NinjaSquirtle,0x4c8fbd365ead9c3647f1207e714d78caf8390942,324,0.0762,97.3,6.0313,90.47,-15.0,~0.29,843,0.4465
hellonewday,0xd32e92fdcaf41c886400bdc747525ca22f03b577,679,0.0959,79.7,1.7737,29.55,-16.66,0.06,2000,0.4225
kingflop,0xe954ddb021c19495f1c556f59dadbd1494821ef1,613,0.1056,89.0,1.327,1170.93,-882.39,0.44,1023,0.4074
redfox666,0x4abdea21c609efca17160f1dcbc652ba498a5a5c,639,0.0876,77.9,2.781,33.15,-11.92,0.06,2000,0.4064
breezybets,0x4dd24f21b6c8adc8a059dca1a0346a3aa99214c2,356,0.1461,95.7,2.4807,999.04,-402.73,0.58,212,0.4057
NordhavenCap,0x91feec8af2b517f024d91564ee108d707cc0c1c6,641,0.0676,79.4,0.8406,231.01,-274.83,0.21,2000,0.4055
Barbozaaa321,0xc1de5ffb02d2b354932ccf5e31172545965e21f5,467,0.0573,97.1,5.5985,3294.57,-588.47,0.08,272,0.4001
BoggsFromShawshank,0xc660ae71765d0d9eaf5fa8328c1c959841d2bd28,147,0.1547,74.8,0.9633,12670.6,-13152.98,~0.18,1870,0.3964
tomb2456,0x746e936f43ff75bf508cf8375b7a8e2515ef68ca,198,0.0983,96.7,0.8624,938.62,-1088.44,0.64,244,0.3956
esportsbetter1,0x866056133a70de9282a080758858d1a0c8b393ed,242,0.1506,93.9,1.0069,10484.43,-10412.08,0.66,214,0.3926
0xf483653F527A9EE5730EAF28709C2856Ab5Fa89c-1765271749237,0xa4131264e0cfa60b1e8d994551d29ee5f9806c4a,465,0.1145,93.8,5.1156,957.84,-187.24,0.23,225,0.3906
maytopmay,0x6ed3695f9263b56a533a87083e0d60e33add186c,141,0.0788,95.5,2.2419,843.33,-376.16,0.08,179,0.3897
teardropsaidmyname,0xf403a1583d518513c1341347a785805fc7cf8a59,720,0.076,94.9,2.852,398.83,-139.84,0.28,315,0.3894
degenm,0x8c58ca0aa244274d589cbd502167983d4c1de330,345,0.093,75.5,0.6643,140.57,-211.62,0.16,2000,0.3887
royalestake,0xfb681e23db8d1cca8a6b7e2a70a29e000ddfa240,804,0.0692,96.9,6.3738,3032.93,-475.84,1.14,453,0.3884
gangmusic,0xb8d757413fe4d4ec4716390938f12100614f5ac7,355,0.2798,90.0,4.0698,2011.9,-494.35,1.53,40,0.377
keris7,0x2f62438899f4e5097cf3b5922cf627579607dd4d,134,0.1049,94.8,25.8024,2072.45,-80.32,0.54,98,0.3761
xfile,0xd2678dc3b152a54900f28b0e849afe2049df9dc6,162,0.3388,70.0,1.7071,3298.02,-1931.99,~0.30,1148,0.3736
updowduke,0x2465e0eb9743a7156575ccc65aad331359185d84,280,0.1239,70.6,0.7998,54.77,-68.48,0.10,2000,0.367
KingVon1,0xe4102cb53459f9fc72f1e1c34ac27654fd66d4d1,315,0.1207,87.7,1.3432,664.75,-494.89,0.21,310,0.3564
HellsAngelx,0x8ff04326388b1c024c45d7a7ffdd12cdedd0a0ed,318,0.3088,72.4,4.7554,168.2,-35.37,~0.20,803,0.355
lzh1,0x282f81747948a90105d944b5a5a2043825d67c4e,706,0.0497,89.2,0.8643,2518.4,-2913.96,~0.19,456,0.3517
mde4life1986,0x54ce7dd357766fc3255645e55ef41edd51cc9f80,674,0.3068,80.9,6.7381,4216.97,-625.84,0.96,178,0.3481
momijidan,0x1c0180ddfa25ce792b1efb724215cd7cd012e7d0,88,0.2379,80.4,3.0292,2132.48,-703.97,0.13,241,0.3455
JhonAlexanderHinestroza,0x44c58184f89a5c2f699dc8943009cb3d75a08d45,614,0.0529,71.2,1.3149,2065.44,-1570.84,~0.12,2000,0.3438
0x84e01e855165C5d56DE153c96DCC3B9bCe727F3D-1782704499041,0xbedbfed921367b21a2fb20f9e214d1c109d1c818,225,0.1271,88.7,1.6641,277.55,-166.79,0.54,115,0.3422
whatyouknowboutlove,0x8d9f8127677a6c64219b1ba5ecd126043551787a,333,0.095,86.6,2.4993,1233.92,-493.71,0.50,448,0.3415
0x04fbd55b0626ADd23661c448710a0194fcd25968-1789564287540,0x04fbd55b0626add23661c448710a0194fcd25968,534,0.1384,87.0,4.061,922.1,-227.06,0.24,100,0.3413
Electricy,0x701187150980c2421bc3c87a74dbdef31d75c6da,248,0.0592,88.8,1.5863,870.08,-548.48,0.68,409,0.3358
Gourmet1,0xc430e5b17128df7ce78d69fa28bc7de038641ebf,211,0.1332,87.4,0.5323,27041.97,-50797.41,0.92,191,0.3308
MinevaJ,0x9e3ae3f398205723ae2fafbe7522a5de2edbe974,901,0.0623,73.6,0.7929,473.68,-597.37,~0.09,1398,0.3195
Tobias1909,0xe394fd07cfceaceffcfab62afa3969afe8ec289c,90,0.1797,85.5,1.0131,468.61,-462.55,~4.76,1101,0.3009
wotaktwot,0xc46132791451b87dafd9ee1607a21cdfdfcbc951,23,0.0788,90.9,6.3721,968.69,-152.02,1.85,33,0.2982
yadens,0x6e553015227ef6f43683a866bec357d6608368d0,462,0.0562,83.8,1.1251,2618.39,-2327.26,0.04,99,0.2926
NO.9kami,0xbe7ef1907a730226453814dedeee3995c0656d00,102,0.0537,77.7,2.3454,2382.11,-1015.65,0.33,755,0.2902
FakerV,0x8fd1536113a96b3615825f397ad1cfc8dbd7bfe8,307,0.1644,73.6,2.1622,1189.44,-550.11,~0.14,503,0.2888
Tokenn,0x55d94368a50750f264cf42096e9034315d9c832c,624,0.0557,72.7,1.4723,2444.04,-1660.07,0.10,1039,0.2831
Bozos14,0x5020e94877430aca70a641a807b4d2007c249f9f,188,0.0572,83.5,1.1307,5605.51,-4957.58,0.39,79,0.2799
gambamaster,0x9ee8bbc36d378af72e5f6b8e2ea2eb67c05a89de,205,0.056,82.8,1.348,141965.64,-105312.26,~0.24,64,0.2773
BlackMoney7,0xb566aa3e97e9e8e4dc49676ea4c3a470dfcb893f,411,0.1692,76.3,3.6718,1225.7,-333.81,0.36,38,0.2686
Mrfattytiger,0x0fb56074533c6bde3d6b0786f47ccf0e7f58e503,77,0.0978,78.0,0.8198,2085.48,-2543.93,0.13,118,0.2659
Beardsley,0x76697d10520591cc163e194d533a5cd4a960f58c,158,0.1555,65.0,0.7066,259.75,-367.6,1.18,1379,0.2627
botbot,0x226bf1220731af372b1e7d572959414f31b4cad6,711,0.0803,74.8,2.5539,3857.77,-1510.53,~0.79,662,0.2601
aenews2,0x44c1dfe43260c94ed4f1d00de2e1f80fb113ebc1,132,0.1463,70.0,0.625,4233.37,-6773.03,~4.25,1998,0.2592
0x418D51e13d019913BB027DB22ECc723fe1AD88A3-1720918577961,0x418d51e13d019913bb027db22ecc723fe1ad88a3,169,0.0642,80.9,0.5524,4281.71,-7751.33,1.14,282,0.2592
mindbend,0x8d218a0b621aa50a772d214c34367dbbc12eb3cf,491,0.0767,68.1,0.7805,445.73,-571.11,0.13,996,0.254
infinitive,0xc904dfc2959aedd6ad33b5cec30a49a15dc12025,602,0.1179,69.9,0.8514,419.34,-492.55,0.09,541,0.249
fluoro,0x236448c21cafb8a9cf9bb93d2e66cd73cd8d18f2,561,0.0509,72.1,0.7572,449.15,-593.15,0.10,591,0.2427
joshjosh,0x2ac3a509eb5337be126215736c18ec9e94c06ec2,573,0.0636,70.5,0.7565,491.72,-650.01,0.11,649,0.2403
Donkey14,0xcd84d7f9262516865553555751609fb6f52abec6,887,0.0562,73.7,0.9911,12834.39,-12949.47,0.23,388,0.2373
0xaBea08725590a4C6Ae7c8E63214C9628BbC772AE-1781431873018,0xabea08725590a4c6ae7c8e63214c9628bbc772ae,62,0.2736,68.5,5.666,1416.1,-249.93,1.14,108,0.2368
coolz122,0xbdd21cd4bdfa6764c6f43ea6d154c4b414d86657,319,0.0678,79.7,0.8983,2380.15,-2649.69,1.97,192,0.2229
wan123,0xde7be6d489bce070a959e0cb813128ae659b5f4b,446,0.0602,80.1,1.3224,28076.28,-21231.41,~2.18,251,0.2217
Melody626,0xecaa8806a9a05049d7d5260a33dc924220e377a9,519,0.2986,67.6,0.8289,4727.07,-5702.87,~5.62,1302,0.21
TKD44,0x68df8708aadb901618f11abf2471805a66a24815,391,0.1595,66.6,1.0948,8528.74,-7790.33,~1.06,354,0.2007
chasing500k,0xa80cdd95c7d68e38e5b9e8a5ff6a8b65afa75a6d,123,0.1555,70.9,0.5311,992.19,-1868.08,1.64,165,0.2
stackingsats,0x7a8885c8dc075f0578b648f29fa233408a7d41cc,250,0.0615,65.2,1.1129,11287.25,-10141.95,~0.15,578,0.1952
loldot,0xd8dca4272c19833d7c751d9d7e17a67b28273669,472,0.1336,68.2,0.9171,231.36,-252.27,1.51,275,0.1843
flawfence,0x23d81ba9371e576015c1e562db09c689f56b0288,853,0.1343,78.2,5.8601,10500.32,-1791.84,~4.70,444,0.1829
feafar,0xfd3ee5e7744e613618fb4be81111933720c0feaf,674,0.1008,66.1,1.604,205.98,-128.42,1.27,478,0.1787
rookie765,0xf1c9a36fd5e982f27337a8692c78b2b1b2e3363f,160,0.0958,65.5,0.9123,601.3,-659.1,0.33,113,0.1701
